[
    {
        "movieId": 1,
        "title": "The Godfather",
        "studio": "Paramount Pictures",
        "genres": "Crime, Drama",
        "directors": "Francis Ford Coppola",
        "writers": "Mario Puzo, Francis Ford Coppola",
        "actors": "Marlon Brando, Al Pacino, James Caan, Diane Keaton",
        "year": 1972,
        "length": 175,
        "shortDescription": "Don Vito Corleone, head of a mafia family, decides to hand over his empire to his youngest son Michael. However, his decision unintentionally puts the lives of his loved ones in grave danger.",
        "mpaRating": "R",
        "criticsRating": 9.2,
        "poster": "thegodfather"
    },
    {
        "movieId": 2,
        "title": "Scarface",
        "studio": "Universal Pictures",
        "genres": "Crime, Drama",
        "directors": "Brian De Palma",
        "writers": "Oliver Stone, Howard Hawks, Ben Hecht",
        "actors": "Al Pacino, Michelle Pfeiffer, Steven Bauer",
        "year": 1983,
        "length": 170,
        "shortDescription": "In 1980 Miami, a determined Cuban immigrant takes over a drug cartel and succumbs to greed.",
        "mpaRating": "R",
        "criticsRating": 8.3,
        "poster": "scarface"
    },
    {
        "movieId": 3,
        "title": "Schindler's List",
        "studio": "Universal Pictures",
        "genres": "Biography, Drama, History",
        "directors": "Steven Spielberg",
        "writers": "Thomas Keneally, Steven Zaillian",
        "actors": "Liam Neeson, Ralph Fiennes, Ben Kingsley",
        "year": 1993,
        "length": 195,
        "shortDescription": "In German-occupied Poland during World War II, industrialist Oskar Schindler gradually becomes concerned for his Jewish workforce after witnessing their persecution by the Nazis.",
        "mpaRating": "R",
        "criticsRating": 9,
        "poster": "schindlerslist"
    },
    {
        "movieId": 4,
        "title": "Fight Club",
        "studio": "Twentieth Century Fox",
        "genres": "Drama",
        "directors": "David Fincher",
        "writers": "Chuck Palahniuk, Jim Uhls",
        "actors": "Brad Pitt, Edward Norton, Meat Loaf",
        "year": 1999,
        "length": 139,
        "shortDescription": "An insomniac office worker and a devil-may-care soap maker form an underground fight club that evolves into much more.",
        "mpaRating": "R",
        "criticsRating": 8.8,
        "poster": "fightclub"
    },
    {
        "movieId": 5,
        "title": "Ocean's Eleven",
        "studio": "Warner Bros. Pictures",
        "genres": "Crime, Thriller",
        "directors": "Steven Soderbergh",
        "writers": "George Clayton Johnson, Jack Golden Russell, Harry Brown",
        "actors": "George Clooney, Brad Pitt, Julia Roberts, Matt Damon",
        "year": 2001,
        "length": 116,
        "shortDescription": "Danny Ocean and his ten accomplices plan to rob three Las Vegas casinos simultaneously.",
        "mpaRating": "PG",
        "criticsRating": 7.7,
        "poster": "oceanseleven"
    },
    {
        "movieId": 6,
        "title": "The Lord of the Rings: The Return of the King",
        "studio": "New Line Cinema",
        "genres": "Action, Adventure, Drama",
        "directors": "Peter Jackson",
        "writers": "J.R.R. Tolkien, Fran Walsh, Philippa Boyens",
        "actors": "Elijah Wood, Viggo Mortensen, Ian McKellen, Orlando Bloom",
        "year": 2003,
        "length": 201,
        "shortDescription": "Gandalf and Aragorn lead the World of Men against Sauron's army to draw his gaze from Frodo and Sam as they approach Mount Doom with the One Ring.",
        "mpaRating": "PG",
        "criticsRating": 9,
        "poster": "lordoftherings"
    },
    {
        "movieId": 7,
        "title": "The Social Network",
        "studio": "Columbia Pictures",
        "genres": "Biography, Drama",
        "directors": "David Fincher",
        "writers": "Aaron Sorkin, Ben Mezrich",
        "actors": "Jesse Eisenberg, Andrew Garfield, Justin Timberlake, Rooney Mara",
        "year": 2010,
        "length": 120,
        "shortDescription": "As Harvard student Mark Zuckerberg creates the social networking site that would become known as Facebook, he is sued by the twins who claimed he stole their idea and by the co-founder who was later squeezed out of the business.",
        "mpaRating": "PG",
        "criticsRating": 7.8,
        "poster": "thesocialnetwork"
    },
    {
        "movieId": 8,
        "title": "Shawshank Redemption",
        "studio": "Warner Bros. Pictures",
        "genres": "Drama",
        "directors": "Frank Darabont",
        "writers": "Stephen King, Frank Darabont",
        "actors": "Tim Robbins, Morgan Freeman, Bob Gunton, William Sadler",
        "year": 1994,
        "length": 142,
        "shortDescription": " Over the course of several years, two convicts form a friendship, seeking consolation and, eventually, redemption through basic compassion.",
        "mpaRating": "R",
        "criticsRating": 9.3,
        "poster": "shawshankredemption"
    },
    {
        "movieId": 9,
        "title": "Rocky",
        "studio": "MGM",
        "genres": "Drama, Sport",
        "directors": "John G. Avildsen",
        "writers": "Sylvester Stallone",
        "actors": "Sylvester Stallone, Talia Shire, Burt Young, Carl Weathers",
        "year": 1976,
        "length": 120,
        "shortDescription": " A small-time Philadelphia boxer gets a supremely rare chance to fight the world heavyweight champion in a bout in which he strives to go the distance for his self-respect.",
        "mpaRating": "PG",
        "criticsRating": 8.1,
        "poster": "rocky"
    },
    {
        "movieId": 10,
        "title": "Inglourious Basterds",
        "studio": "Universal Pictures",
        "genres": "Adventure, Drama, War",
        "directors": "Quentin Tarantino",
        "writers": "Quentin Tarantino",
        "actors": "Brad Pitt, Diane Kruger, Eli Roth, Mélanie Laurent",
        "year": 2009,
        "length": 153,
        "shortDescription": " In Nazi-occupied France during World War II, a plan to assassinate Nazi leaders by a group of Jewish U.S. soldiers coincides with a theatre owner's vengeful plans for the same.",
        "mpaRating": "R",
        "criticsRating": 8.3,
        "poster": "inglouriousbasterds"
    },
    {
        "movieId": 11,
        "title": "Home Alone",
        "studio": "Twentieth Century Fox",
        "genres": "Comedy, Family",
        "directors": "Chris Columbus",
        "writers": "John Hughes",
        "actors": "Macaulay Culkin, Joe Pesci,Daniel Stern",
        "year": 1990,
        "length": 103,
        "shortDescription": "An eight-year-old troublemaker, mistakenly left home alone, must defend his home against a pair of burglars on Christmas eve.",
        "mpaRating": "PG",
        "criticsRating": 7.7,
        "poster": "homealone"
    },
    {
        "movieId": 12,
        "title": "The Hunger Games",
        "studio": "Lionsgate",
        "genres": "Action, Adventure, Sci-Fi",
        "directors": "Gary Ross",
        "writers": "Gary Ross, Suzanne Collins, Billy Ray",
        "actors": "Jennifer Lawrence, Josh Hutcherson, Liam Hemsworth",
        "year": 2012,
        "length": 142,
        "shortDescription": "Katniss Everdeen voluntarily takes her younger sister's place in the Hunger Games: a televised competition in which two teenagers from each of the twelve Districts of Panem are chosen at random to fight to the death.",
        "mpaRating": "R",
        "criticsRating": 7.2,
        "poster": "thehungergames"
    },
    {
        "movieId": 13,
        "title": "X-Men: First Class",
        "studio": "Twentieth Century Fox",
        "genres": "Action, Sci-Fi, Drama",
        "directors": "Matthew Vaughn",
        "writers": "Ashley Miller, Zack Stentz, Jane Goldman",
        "actors": "James McAvoy, Michael Fassbender, Jennifer Lawrence",
        "year": 2011,
        "length": 132,
        "shortDescription": "In the 1960s, superpowered humans Charles Xavier and Erik Lensherr work together to find others like them, but Erik's vengeful pursuit of an ambitious mutant who ruined his life causes a schism to divide them.",
        "mpaRating": "R",
        "criticsRating": 7.8,
        "poster": "xmenfirstclass"
    },
    {
        "movieId": 14,
        "title": "The Lion King",
        "studio": "Walt Disney Pictures",
        "genres": "Adventure, Drama, Animation, Family, Musical",
        "directors": "Roger Allers, Rob Minkoff",
        "writers": "Irene Mecchi, Jonathan Roberts, Linda Woolverton",
        "actors": "Matthew Broderick, Jeremy Irons, James Earl Jones",
        "year": 1994,
        "length": 89,
        "shortDescription": "Embark on an extraordinary coming-of-age adventure as Simba, a lion cub who cannot wait to be king, searches for his destiny in the great \"Circle of Life.\" Lion prince Simba and his father are targeted by his bitter uncle, who wants to ascend the throne himself.",
        "mpaRating": "PG",
        "criticsRating": 8.5,
        "poster": "thelionking"
    },
    {
        "movieId": 15,
        "title": "The Sound of Music",
        "studio": "Robert Wise Productions",
        "genres": "Biography, Drama, Family",
        "directors": "Robert Wise",
        "writers": "Georg Hurdalek, Howard Lindsay, Russel Crouse",
        "actors": "Julie Andrews, Christopher Plummer, Eleanor Parker",
        "year": 1965,
        "length": 172,
        "shortDescription": "A young novice is sent by her convent in 1930s Austria to become a governess to the seven children of a widowed naval officer.",
        "mpaRating": "PG",
        "criticsRating": 8.1,
        "poster": "thesoundofmusic"
    },
    {
        "movieId": 16,
        "title": "Black Panther",
        "studio": "Marvel Studios",
        "genres": "Action, Adventure, Sci-Fi",
        "directors": "Ryan Coogler",
        "writers": "Ryan Coogler, Joe Robert, ColeStan Lee",
        "actors": "Chadwick Boseman, Michael B. Jordan, Lupita Nyong'o",
        "year": 2018,
        "length": 134,
        "shortDescription": "T'Challa, heir to the hidden but advanced kingdom of Wakanda, must step forward to lead his people into a new future and must confront a challenger from his country's past.",
        "mpaRating": "R",
        "criticsRating": 7.3,
        "poster": "blackpanther"
    },
    {
        "movieId": 17,
        "title": "Titanic",
        "studio": "Twentieth Century Fox",
        "genres": "Drama, Romance",
        "directors": "James Cameron",
        "writers": "James Cameron",
        "actors": "Leonardo DiCaprio, Kate Winslet, Billy Zane",
        "year": 1997,
        "length": 194,
        "shortDescription": "A seventeen-year-old aristocrat falls in love with a kind but poor artist aboard the luxurious, ill-fated R.M.S. Titanic.",
        "mpaRating": "R",
        "criticsRating": 8.4,
        "poster": "titanic"
    },
    {
        "movieId": 18,
        "title": "Annie",
        "studio": "Paramount Pictures",
        "genres": "Comedy, Drama, Family",
        "directors": "John Huston",
        "writers": "Carol Sobieski, Thomas Meehan, Martin Charnin",
        "actors": "Aileen Quinn, Albert Finney, Carol Burnett",
        "year": 1982,
        "length": 126,
        "shortDescription": "The story of a plucky, red-haired girl who dreams of life outside her dreary orphanage. One day, Annie is chosen to stay for one week with the famous billionaire \"Daddy\" Warbucks. One week turns into many and the only person standing in the way of Annie's fun is Miss Hannigan, the gin-soaked ruler of the orphanage.",
        "mpaRating": "PG",
        "criticsRating": 6.6,
        "poster": "annie"
    },
    {
        "movieId": 19,
        "title": "The Amazing Spider-Man",
        "studio": "Universal Studios Hollywood",
        "genres": "Action, Adventure, Sci-Fi",
        "directors": "Marc Webb",
        "writers": "James Vanderbilt, Alvin Sargent, Steve Kloves",
        "actors": "Andrew Garfield, Emma Stone, Rhys Ifans",
        "year": 2012,
        "length": 136,
        "shortDescription": "After Peter Parker is bitten by a genetically altered spider, he gains newfound, spider-like powers and ventures out to save the city from the machinations of a mysterious reptilian foe.",
        "mpaRating": "R",
        "criticsRating": 7.1,
        "poster": "theamazingspiderman"
    },
    {
        "movieId": 20,
        "title": "A Star is Born",
        "studio": "Warner Bros.",
        "genres": "Drama, Music, Romance",
        "directors": "Bradley Cooper",
        "writers": "Eric Roth, Bradley Cooper, Will Fetters",
        "actors": "Lady Gaga, Bradley Cooper, Sam Elliott",
        "year": 2018,
        "length": 136,
        "shortDescription": "Seasoned musician Jackson Maine discovers—and falls in love with—struggling artist Ally. She has just about given up on her dream as a singer until Jack coaxes her into the spotlight.",
        "mpaRating": "R",
        "criticsRating": 8.4,
        "poster": "astarisborn"
    }
]
