[
    {
      "Title": "Venom",
      "Year": "2018",
      "Rated": "PG-13",
      "Released": "05 Oct 2018",
      "Runtime": "112 min",
      "Genre": "Action, Adventure, Sci-Fi",
      "Director": "Ruben Fleischer",
      "Writer": "Jeff Pinkner, Scott Rosenberg, Kelly Marcel",
      "Actors": "Tom Hardy, Michelle Williams, Riz Ahmed",
      "Plot": "A failed reporter is bonded to an alien entity, one of many symbiotes who have invaded Earth. But the being takes a liking to Earth and decides to protect it.",
      "Language": "English, Mandarin, Malay",
      "Country": "United States, China",
      "Awards": "2 wins & 8 nominations",
      "Poster": "https://m.media-amazon.com/images/M/MV5BNTFkZjdjN2QtOGE5MS00ZTgzLTgxZjAtYzkyZWQ5MjEzYmZjXkEyXkFqcGdeQXVyMTM0NTUzNDIy._V1_SX300.jpg",
      "Ratings": [
        {
          "Source": "Internet Movie Database",
          "Value": "6.6/10"
        },
        {
          "Source": "Rotten Tomatoes",
          "Value": "30%"
        },
        {
          "Source": "Metacritic",
          "Value": "35/100"
        }
      ],
      "Metascore": "35",
      "imdbRating": "6.6",
      "imdbVotes": "509,520",
      "imdbID": "tt1270797",
      "Type": "movie",
      "DVD": "18 Jun 2019",
      "BoxOffice": "$213,515,506",
      "Production": "N/A",
      "Website": "N/A",
      "Response": "True"
    },
    {
      "Title": "Titanic",
      "Year": "1997",
      "Rated": "PG-13",
      "Released": "19 Dec 1997",
      "Runtime": "194 min",
      "Genre": "Drama, Romance",
      "Director": "James Cameron",
      "Writer": "James Cameron",
      "Actors": "Leonardo DiCaprio, Kate Winslet, Billy Zane",
      "Plot": "A seventeen-year-old aristocrat falls in love with a kind but poor artist aboard the luxurious, ill-fated R.M.S. Titanic.",
      "Language": "English, Swedish, Italian, French",
      "Country": "United States, Mexico",
      "Awards": "Won 11 Oscars. 126 wins & 83 nominations total",
      "Poster": "https://m.media-amazon.com/images/M/MV5BMDdmZGU3NDQtY2E5My00ZTliLWIzOTUtMTY4ZGI1YjdiNjk3XkEyXkFqcGdeQXVyNTA4NzY1MzY@._V1_SX300.jpg",
      "Ratings": [
        {
          "Source": "Internet Movie Database",
          "Value": "7.9/10"
        },
        {
          "Source": "Rotten Tomatoes",
          "Value": "88%"
        },
        {
          "Source": "Metacritic",
          "Value": "75/100"
        }
      ],
      "Metascore": "75",
      "imdbRating": "7.9",
      "imdbVotes": "1,228,124",
      "imdbID": "tt0120338",
      "Type": "movie",
      "DVD": "08 Jan 2002",
      "BoxOffice": "$674,292,608",
      "Production": "N/A",
      "Website": "N/A",
      "Response": "True"
    },
    {
      "Title": "World War Z",
      "Year": "2013",
      "Rated": "PG-13",
      "Released": "21 Jun 2013",
      "Runtime": "116 min",
      "Genre": "Action, Adventure, Horror",
      "Director": "Marc Forster",
      "Writer": "Matthew Michael Carnahan, Drew Goddard, Damon Lindelof",
      "Actors": "Brad Pitt, Mireille Enos, Daniella Kertesz",
      "Plot": "Former United Nations employee Gerry Lane traverses the world in a race against time to stop a zombie pandemic that is toppling armies and governments and threatens to destroy humanity itself.",
      "Language": "English, Spanish, Hebrew, Arabic",
      "Country": "United States, United Kingdom, Malta",
      "Awards": "3 wins & 25 nominations",
      "Poster": "https://m.media-amazon.com/images/M/MV5BNDQ4YzFmNzktMmM5ZC00MDZjLTk1OTktNDE2ODE4YjM2MjJjXkEyXkFqcGdeQXVyNTA4NzY1MzY@._V1_SX300.jpg",
      "Ratings": [
        {
          "Source": "Internet Movie Database",
          "Value": "7.0/10"
        },
        {
          "Source": "Rotten Tomatoes",
          "Value": "66%"
        },
        {
          "Source": "Metacritic",
          "Value": "63/100"
        }
      ],
      "Metascore": "63",
      "imdbRating": "7.0",
      "imdbVotes": "690,305",
      "imdbID": "tt0816711",
      "Type": "movie",
      "DVD": "17 Sep 2013",
      "BoxOffice": "$202,807,711",
      "Production": "N/A",
      "Website": "N/A",
      "Response": "True"
    },
    {
      "Title": "The Godfather",
      "Year": "1972",
      "Rated": "R",
      "Released": "24 Mar 1972",
      "Runtime": "175 min",
      "Genre": "Crime, Drama",
      "Director": "Francis Ford Coppola",
      "Writer": "Mario Puzo, Francis Ford Coppola",
      "Actors": "Marlon Brando, Al Pacino, James Caan",
      "Plot": "Don Vito Corleone, head of a mafia family, decides to hand over his empire to his youngest son Michael. However, his decision unintentionally puts the lives of his loved ones in grave danger.",
      "Language": "English, Italian, Latin",
      "Country": "United States",
      "Awards": "Won 3 Oscars. 30 wins & 30 nominations total",
      "Poster": "https://m.media-amazon.com/images/M/MV5BM2MyNjYxNmUtYTAwNi00MTYxLWJmNWYtYzZlODY3ZTk3OTFlXkEyXkFqcGdeQXVyNzkwMjQ5NzM@._V1_SX300.jpg",
      "Ratings": [
        {
          "Source": "Internet Movie Database",
          "Value": "9.2/10"
        },
        {
          "Source": "Rotten Tomatoes",
          "Value": "97%"
        },
        {
          "Source": "Metacritic",
          "Value": "100/100"
        }
      ],
      "Metascore": "100",
      "imdbRating": "9.2",
      "imdbVotes": "1,920,817",
      "imdbID": "tt0068646",
      "Type": "movie",
      "DVD": "11 May 2004",
      "BoxOffice": "$136,381,073",
      "Production": "N/A",
      "Website": "N/A",
      "Response": "True"
    },
    {
      "Title": "The Avengers",
      "Year": "2012",
      "Rated": "PG-13",
      "Released": "04 May 2012",
      "Runtime": "143 min",
      "Genre": "Action, Sci-Fi",
      "Director": "Joss Whedon",
      "Writer": "Joss Whedon, Zak Penn",
      "Actors": "Robert Downey Jr., Chris Evans, Scarlett Johansson",
      "Plot": "Earth's mightiest heroes must come together and learn to fight as a team if they are going to stop the mischievous Loki and his alien army from enslaving humanity.",
      "Language": "English, Russian",
      "Country": "United States",
      "Awards": "Nominated for 1 Oscar. 38 wins & 80 nominations total",
      "Poster": "https://m.media-amazon.com/images/M/MV5BNDYxNjQyMjAtNTdiOS00NGYwLWFmNTAtNThmYjU5ZGI2YTI1XkEyXkFqcGdeQXVyMTMxODk2OTU@._V1_SX300.jpg",
      "Ratings": [
        {
          "Source": "Internet Movie Database",
          "Value": "8.0/10"
        },
        {
          "Source": "Rotten Tomatoes",
          "Value": "91%"
        },
        {
          "Source": "Metacritic",
          "Value": "69/100"
        }
      ],
      "Metascore": "69",
      "imdbRating": "8.0",
      "imdbVotes": "1,420,774",
      "imdbID": "tt0848228",
      "Type": "movie",
      "DVD": "25 Sep 2012",
      "BoxOffice": "$623,357,910",
      "Production": "N/A",
      "Website": "N/A",
      "Response": "True"
    }
]
